username;password
6k0evpti71;s30dkl9o63
rtn9y12j6i;5vdi43i1dx
50926zau1u;fq03r5hg6j
060enr7831;i09389v2bt
ji600e81ae;r5324jj52p
s1govp1oyr;86i5o6ox94
rq36e20u1s;7609f0k4dn
lmxqh6k375;y39mo94t2r
y880bfipa7;8ysy5a24e2
v0q6vg79kn;k388l6p7wh
8m5j3ho9t5;8ztk13r0fe
2r87g9t1gm;335yjsk4ct
q5k038cqwn;szd08z084m
vb0ftjph18;kb4nb150sz
9x901cw94f;8r39m1xkjk
923peg2f95;0ec37s7r8c
v49z0362r8;7rr04w39t2
h7vhv1plgr;3931325qcs
c69876x24k;5db0j25j7y
q5xr80tqgg;31fsr00e51
c8dx031n88;z4n64npb71
3c198tuvu5;3h83nzxtg0
y07803p9um;540ng42528
xv97t360j8;116ad930it
x1k53qum2c;8k287041ip
u89l99i12r;4oo9dm1u00
f4s51h07xw;l3n0nitm21
f17022144s;0tqn65vsst
sb2bkum439;2fi94jt78z
37an5gduhy;0dxxlga1dk
ceaubqo246;5wl5ckuesh
gpqei05w0j;3o4405v747
t5y15o5nl1;3c4ons12i8
e0uhu644q8;q7hiyfg4mo
a05o3vi7a0;12gyb0ovwf
548c8x32f7;9f7dvy0vhe
w78a1cgxhu;o5rposc13o
fu9t4qpxly;9u82rff7f5
27u5tv073w;72y1jf6w4s
r0nzl31e8t;4rjcw4a00n
g68wx3yoc1;414j6yinsn
mm4m6vevmp;2j12yi501q
js56oc569e;4n2v3f030c
71930vfmj2;gwf87g8set
f1xxjbkc47;259lvj6sq7
r66054b027;0q5ypy0441
901137c7q8;90nc0369c3
2xq181lrj9;y88fth1p66
2yxla0421x;s6888a136g
v4e2xg8ek1;627jfjl366
5y4rbhbry4;y25v47085n
45ah4q2g6w;82q0609gaq
4056907sld;4bp72ov191
6fhy3nf6o4;yg55rr3cp7
24146qkpdt;03t1ym0171
ixm76xx0r4;6i9qu5ab6a
0vrrqrs99g;sf24o3f31o
n32u7o7pw0;l250497l6k
qm482507c2;klgvx04fjh
s9cl7bd94s;2fjadvqw84
f7m1inm664;859l6rkvmh
2kjk2ez71x;45er424r52
f54v1kjy3u;p9640rk89h
271w0x6p21;vj6361cz61
1t493m8wyu;138c4843h9
6f18vv5zo2;y9v38yt69y
fh17dy1e3v;73lxi0i15n
kqya484f0q;y35iqee54m
nthp870820;56if1754fu
j135un6997;8fw7rv31mm
6395jkpzqo;be4979t8k9
mmw3ymx2g9;q6jomd7o31
1q97761819;e9h8p0j0ib
25d6es99td;p8ysunt133
632ifwr1a3;uu8h80a4p2
n5s57j65f8;z46vpx3k9x
o92vw6oaaz;kxecm0ha40
2kt7aez491;8lz8a08cez
yr6es133w0;96nvo87v57
klo4n78wgj;qm82ul057t
2g5ezw616c;uyu577ig59